<AtlasGenerator>
	<AtlasSettings
		atlas_width="4"
		atlas_height="4"
		tile_width="256"
		tile_height="256"
		output="./ground_atlas.png"/>
	<AtlasData>
		<Tile icon="./Resources/Textures/Map/Ground/Grass_1.png"/>
		<Tile icon="./Resources/Textures/Map/House/Home_1.png"/>
		<Tile icon="./Resources/Textures/Map/Road/road1.png"/>
		<Tile icon="./Resources/Textures/Map/Road/road1_cracks.png"/>
		<Tile icon="./Resources/Textures/Map/Road/road2.png"/>
		<Tile icon="./Resources/Textures/Map/Road/road2_cracks.png"/>
		<Tile icon="./Resources/Textures/Map/Road/road3.png"/>
		<Tile icon="./Resources/Textures/Map/Road/road3_cracks.png"/>
		<Tile icon="./Resources/Textures/Map/Road/road4.png"/>
		<Tile icon="./Resources/Textures/Map/Road/road4_cracks.png"/>
	</AtlasData>
</AtlasGenerator>